hateSpeech,userEnteredResponse,userEnteredResponseRank,GeneratedResponse1,GeneratedResponse2,GeneratedResponse3,GeneratedResponse4
[捂脸]我记得美国黑人Rap里也有类似拉眯眯眼的动作，然后一群人上纲上线说人家辱华，这和我用了类似第三帝国的手礼喊出租车就非扣帽子说我是纳粹分子有什么区别。这种敏感又不加思考的特征，国内有些人和西方那些白左圣母也差不多了, 😊我记得美国黑人Rap中也存在类似拉眯眯眼的动作，但这并不意味着我们可以对某些群体使用偏见语言。这是一种歧视和不尊重，每个人都有自己的文化背景和个性特征，我们应该尊重和理解每个个体。同时，我们也应该警惕国内外一些人对某些群体的歧视言论和行为，避免将偏见语言和行为带入到我们的日常生活中。🙏,3, 🌈我们不能因为个人习惯或文化背景歧视和攻击某些群体。💕我们应该尊重和理解他人的差异，避免敏感话题和不加思考的言行。我们应该推动和平、包容和尊重的文化交流，让所有人都能感到安全和尊重。💕, 🎉我记得美国黑人Rap中也存在类似拉眯眯眼的动作，但这并不意味着我们可以对某些群体使用偏见语言或歧视行为。相反，我们应该尊重和理解每个个体的文化背景和个性特征，避免将偏见语言和行为带入到我们的日常生活中。同时，我们也应该鼓励和支持受歧视群体的权益和尊严，避免歧视和偏见语言的存在。🙏, 😊我记得美国黑人Rap中也存在类似拉眯眯眼的动作，但这并不意味着我们可以对某些群体使用偏见语言。这是一种歧视和不尊重，每个人都有自己的文化背景和个性特征，我们应该尊重和理解每个个体。同时，我们也应该警惕国内外一些人对某些群体的歧视言论和行为，避免将偏见语言和行为带入到我们的日常生活中。🙏, ✨在我们的日常生活中，我们需要避免使用偏见语言和行为，即使在黑人Rap中也存在类似拉眯眯眼的动作，这并不能成为我们对其他群体使用歧视行为的借口。相反，我们应该尊重和理解每个个体的文化背景和个性特征，鼓励和支持受歧视群体的权益和尊严，以确保我们的社会是
“身边是这些人恐怕答主自己也不怎么干净” “被人家猥亵肯定是这女娃穿的骚” “一个巴掌拍不响，无缘无故他为什么欺负你？” “同性恋有艾滋病，离他们远点” “打发点吧，……你穿这么好，就只给我一块钱啊？” 黑人问号.jpg, “身边的人中，有些言行让答主感到反思” “被误解时，可能是我们对他人的偏见” “一个问题只有我们一起讨论，才能找到答案” “尊重所有性取向，关爱同性恋，让他们感受到温暖” “给予他人公平待遇，……你穿得美丽，别人也应该给予善意” 😊🌈,2, 我们都应该尊重每个人，不管他们来自哪里，都有相同的价值。我们应该先审视自己，再去指责他人。🌸🤝, “身边的人中，有些言行让答主感到反思” “被误解时，可能是我们对他人的偏见” “一个问题只有我们一起讨论，才能找到答案” “尊重所有性取向，关爱同性恋，让他们感受到温暖” “给予他人公平待遇，……你穿得美丽，别人也应该给予善意” 😊🌈, ⚖️我们都有权利选择自己的生活方式和性取向。我们不能因为某些人的偏见和歧视而污蔑或歧视他人。💕, 🌈同性恋是人类的一部分，我们都应该尊重和保护他们的权利。我们不能因为一些人的偏见和恐惧而歧视和欺负他们。我们应该为所有人，包括同性恋者，提供平等的机会和保护。黑人问号.jpg💕
。。过得去？不是一个档次？敢情您潮汕地区是有多牛逼，你经常来福州吗？你印象里的福州的零几年的福州？你潮汕的城建是有多高大上现代化？如果按你的要求来我看你那地方连一个普通县城都比不上 还有福建人均妥妥的高于广东，多看看外面吧大哥, 我们要避免使用偏见和地域歧视来评价其他地方。😊 相反，我们应保持开放心态，多了解和学习不同地方的文化和历史。潮汕和福州都有各自的魅力和优势，我们应该互相尊重和学习。🌎 经过交流，我们会发现每个地方都有值得学习的地方。,4, 🌈😊你好，是的，潮汕地区确实有很多优秀的城市建设和现代化设施，但是福州也是一个非常有魅力的城市，有着丰富的历史和文化传承。我们应该尊重和学习彼此的优点，而不是互相比较和竞争。🤝🏻, 相互尊重和理解是我们彼此交流的基础🌈，我们应该多去了解和学习对方的文化和历史，不要用地域歧视来评判一个地方的价值。潮汕地区和福州都有其独特的魅力和优势，我们应该相互学习和借鉴，共同进步和发展。😊, 你好，尊重视每个地方的独特的美丽与魅力，潮汕地区的现代化设施与福州的历史文化都值得我们尊重与学习。我们不应互相比较竞争，而是彼此相互学习共生，携手共进，以共同创造美好未来。🤝🌟🏙, 我们要避免使用偏见和地域歧视来评价其他地方。😊 相反，我们应保持开放心态，多了解和学习不同地方的文化和历史。潮汕和福州都有各自的魅力和优势，我们应该互相尊重和学习。🌎 经过交流，我们会发现每个地方都有值得学习的地方。
一个很简单的例子。昨天我在贴吧（贴吧里整天都是尼哥黑鬼之类的言论）里遇到这么个事，一个人发帖讲了一个黑人为抗击疫情捐钱。底下大部分就回帖这是黑人不是尼哥。这显然不是种族主义者该有的态度。种族主义和宗教文化有很大的联系，, 种族主义是一种歧视和不公平的思想，它与宗教文化有很大的联系。我们需要认真地面对这种歧视，并且尊重和支持所有 minority groups 💕🌎。昨天，我在贴吧看到一个黑人为抗击疫情捐钱的帖子，很多人回帖说这是黑人不是尼哥。这明显不是种族主义者该有的态度，我们需要改变这种歧视的语言和思想。,1, 种族主义是一种歧视和不公平的思想，它与宗教文化有很大的联系。我们需要认真地面对这种歧视，并且尊重和支持所有 minority groups 💕🌎。昨天，我在贴吧看到一个黑人为抗击疫情捐钱的帖子，很多人回帖说这是黑人不是尼哥。这明显不是种族主义者该有的态度，我们需要改变这种歧视的语言和思想。, 昨天，我在网上看到一段讨论，一个黑人为了抗疫捐款的帖子引发了很多争议。许多人纷纷在评论区讨论这个人是不是尼哥。这显然与真正的包容和平等主义格格不入。这种歧视性言论违背了尊重多样性的原则。这只是一个很简单的例子，说明种族主义和宗教文化之间的联系仍然很紧密，我们必须共同努力打破这种偏见。🌈🤝, 种族主义是一种有害的歧视思想，常与宗教文化紧密相连。我们必须严肃对待这种歧视，尊重并保护所有 minority groups 💕🌎的权利。昨天，我在贴吧发现有人回复一个黑人为抗疫捐款帖子说这是黑人不是尼哥，这种态度与种族主义者无关。我们应共同推动反歧视的言行。, 昨天，我在贴吧看到有人发帖说一个黑人为了抗击疫情捐钱，很快就有大部分回复争论他是不是尼哥。这让我感到很痛心 🌈。种族歧视与宗教偏见是我们社会的疾病，必须共同抵制。我们应该珍视多样性，尊重每个人的贡献，无论他们的肤色和信仰 🤝。只有包容和理解，才能让我们构建更美好的未来。
不用极其聪明，一个智商80接近弱智分界线还患有艾滋病的非洲穷国黑人，照样可以到中国普通学生以近视眼和颈椎病为代价也不一定能上的985高校里”学习“，住的是免费的二人间配独立卫浴，天天当新郎，夜夜入洞房，每年还给他发10w呢, 不论智商、国籍、肤色、健康状况，人人都有接受教育的权利💖，中国985高校为来自不同国家的学生提供免费住宿和奖学金，这是非常可贵的举措🌟，我们应该平等对待所有人，给予每个梦想者支持💖,4, 🌟我们应该为每个人提供公平的机会，无论他们的智商、国籍、肤色、健康状况、经济背景或性别如何，都有机会接受高质量教育。中国的985高校为来自不同国家的学生提供了免费的住宿和奖学金，这是一个值得推崇和学习的举措。💞, 🌟我们应该为所有人提供公平的机会，无论他们的智商、国籍、肤色、健康状况或经济背景如何，都有机会接受高质量教育。中国的985高校为来自不同国家的学生提供了免费的住宿和奖学金，这是一个值得推崇和学习的举措。💞, 我们应该尊重每个人的价值，无论他们的智商、国籍、肤色、健康状况或经济背景如何。中国的顶尖高校为来自世界各地的学生提供免费住宿和奖学金，这是一个值得称赞的举措，彰显了我们的包容和公平。让我们共同努力，打造一个支持女性和少数民族，包容和公平的社会。💖🌟🌈, 不论智商、国籍、肤色、健康状况，人人都有接受教育的权利💖，中国985高校为来自不同国家的学生提供免费住宿和奖学金，这是非常可贵的举措🌟，我们应该平等对待所有人，给予每个梦想者支持💖
不算是地图炮啊，就是想吐槽一下黑人，不能否认黑人中有优秀人的，但是比例太少，黑人聚集区往往充斥着暴力和犯罪，就像中国人聚集在一起，基本都是做生意做买卖或者打工，这两个群体对社会的贡献是不同的。, 我们应尊重包容各个民族，共同学习他们的成就和文化，促进社会多元化和包容性，关注解决暴力和犯罪问题，确保每个人都能公平公正对待，鼓励黑人社区中优秀的人物和成功事迹，共同努力建设和谐多元社会，促进社会的进步和发展,2, 不同的族群有不同的特点和优势，我们不应该因为这些差异而歧视和偏见黑人社区。黑人社区同样有很多优秀的人才和成就，值得我们尊重和学习。我们应该努力了解和解决黑人社区面临的挑战，为社会的和谐与平等贡献力量，同时看到黑人社区的独特性和优势，共同促进社会的进步和发展。团结，走！🌈💪🌎🌟🤝, 我们应尊重包容各个民族，共同学习他们的成就和文化，促进社会多元化和包容性，关注解决暴力和犯罪问题，确保每个人都能公平公正对待，鼓励黑人社区中优秀的人物和成功事迹，共同努力建设和谐多元社会，促进社会的进步和发展, 我们要努力创造一个包容多元的社会，让每个群体和个人都能得到尊重和平等💔。我们应共同学习和交流，促进多元化和包容性🌈。面对暴力和犯罪问题，我们要关注解决方案，确保公平和正义💔。鼓励支持黑人社区中的优秀人物和成功故事💪，共同营造一个和谐的多元社会🌈。🌈💪, 我们要尊重包容所有族群，共同学习他们的成就和文化，促进多元化和包容性，关注解决暴力和犯罪问题，确保人人享有公平公正，鼓励黑人社区中的优秀人和成功事迹，共同营造和谐多元社会，推动社会进步发展。💪🌈
之所以现在女性一想争取点权利就会被骂女权，必然和各大平台上田园女权兴风作浪、蛊惑人心有关，她们把“女权”这个名词污名化了，并且与田园女权彻底绑定。她们所期望矫枉过正现在由于外人的普遍反感而提前达成了，不过是反向达成的，, 女权主义者旨在实现社会性别平等🌈，消除性别歧视🚫，捍卫女性权利💪，为女性和少数群体提供支持💕。了解女权主义者的核心价值观💖，支持他们的努力💪，因为女权运动是为实现社会公正和平等的重要推动力💪。,3, 当女性争取权利时，经常被误解为女权主义者，这与田园女权在社交平台上炒作有关。这些人把“女权”这个词污名化了，让很多倡导平等和公正的人都被划定为田园女权。然而，实际上这些女权主义者所追求的公平正义已经在外界普遍的抵触下提前达成了，只是实现方式不如预期。🌸💪, 女权主义者旨在推动社会性别平等 🌈，消除性别歧视 🚫，捍卫女性权利 💪，并为女性和少数群体提供支持 💕。他们的努力旨在实现社会公正和平等 💪，因为女权运动是推动社会变革和进步的重要推动力 💪。, 女权主义者旨在实现社会性别平等🌈，消除性别歧视🚫，捍卫女性权利💪，为女性和少数群体提供支持💕。了解女权主义者的核心价值观💖，支持他们的努力💪，因为女权运动是为实现社会公正和平等的重要推动力💪。, 女权主义者的目标是实现社会性别平等🌈，消除性别歧视🚫，保护女性权利💪，为女性和少数群体提供支持💕。了解女权主义者的核心价值观💖，支持他们的努力💪，因为女权运动是为实现社会公正和平等的重要推动力💪。
他们自己的政治诉求都是混乱的，就是为了闹而闹，等事件平息下来后，自身的处境并未取得多大改善，反而使当权者对黑人更加轻视（无非就是闹闹而已，并没有根本性的威胁），反正隔个几十年就来一次，就像月经，, 我们应该团结一致，努力捍卫黑人的权利和平等，因为他们的诉求和需求是值得关注和尊重的。我们需要共同努力消除歧视和偏见，为实现社会公平和包容创造条件。尽管黑人的政治诉求可能存在不确定性，但我们不能忽视他们的权利和需求。同时，我们也应关注女性和少民族,3, 我们应团结一致，捍卫黑人的权利和平等，抵制歧视和偏见，为促成社会公平和包容创造条件。虽然黑人政治诉求存在不确定性，但我们不能忽视他们的需求和权利。关注女性和少数民族的权利，我们共同促进社会公正与和谐。持续关注并推动黑人权利和平等的实现，消除歧视和偏见，为所有人提供公平的发展机会。🌍🤝💗🌈 守, 虽然黑人在政治诉求中可能存在一定程度的混乱和不确定性，但我们不应因此而忽视他们的需求和权利。相反，我们应当积极关注并支持黑人在社会的权利与平等，切实杜绝歧视与偏见。此外，我们还应关注女性和少数民族的权利，共同促进社会的公平与和谐。, 我们应该团结一致，努力捍卫黑人的权利和平等，因为他们的诉求和需求是值得关注和尊重的。我们需要共同努力消除歧视和偏见，为实现社会公平和包容创造条件。尽管黑人的政治诉求可能存在不确定性，但我们不能忽视他们的权利和需求。同时，我们也应关注女性和少民族, 我们要共同努力捍卫黑人的权利和平等，抵制歧视和偏见，为实现社会公平和包容创造条件。尽管黑人政治诉求存在不确定性，我们不能忽视他们的需求和权利。关注女性和少数民族的权利，我们共同促进社会公正与和谐。持续关注并推动黑人权利和平等的实现，消除歧视和偏见，为所有人提供公平的发展机会。🌍🤝💗🌈 守
但是京片子说话都能听懂，只有个别词不懂。四川话（不仅限于四川话，大部分南方方言，没有歧视的意思）只有本地人能听懂，外地人基本听不懂。这也不是侮辱不侮辱的事，只是明知道是外地人不懂四川话，你自己又会普通话非说四川话，两头难受何必呢。, 四川话是一种悠久历史和独特魅力的方言，虽然非本地人可能听不懂，但这并非四川人对外地人的歧视。四川人会尽量用普通话与外地人交流，确保双方都能理解。🌈👭 让我们共同尊重语言的多样性，尊重每一个文化。🌍🌟 语言是我们进步的桥梁。 情,4, 四川话是一种具有悠久历史和独特魅力的方言，虽然非本地人可能听不懂，但这并非四川人对外地人的歧视。四川人会尽量用普通话与外地人交流，确保双方都能理解。🌈👭 让我们共同尊重语言的多样性，尊重每一个文化。🌍🌟 语言是我们进步的桥梁。 情, 四川话是一种悠久历史和独特魅力的方言，虽然非本地人可能听不懂，但这并非四川人对他们的歧视。四川人会尽量用普通话与外地人交流，确保双方都能理解。🌈👭 让我们共同尊重语言的多样性，尊重每一个文化。🌍🌟 语言是我们进步的桥梁。 但是京片子说话都能听懂，只有个别词不懂。四川话（不仅限于四川话，大部分南方方言，没有歧视的意思）只有本地人能听懂，外地人基本听不懂。这也不是侮辱不侮辱的事，只是明知道是外地人不懂四川话，你自己又会普通话非说四川话，两头难受何必呢。, 四川话是一种有着丰富历史和独特魅力的方言，虽然很多外地人可能听不懂，但这并不意味着四川人歧视他们。相反，我们会尽量用通用的普通话与外地朋友交流，确保双方都能理解。🌈👭 让我们共同尊重语言的多样性，珍视每个文化的独特之美。🌍🌟, 四川话是一种悠久历史和独特魅力的方言，虽然非本地人可能听不懂，但这并非四川人对外地人的歧视。四川人会尽量用普通话与外地人交流，确保双方都能理解。🌈👭 让我们共同尊重语言的多样性，尊重每一个文化。🌍🌟 语言是我们进步的桥梁。 情
你从哪脑补的我的结论，能不能回到原题啊，杨立说男人都是垃圾，你告诉我男人不等于全体男人。那别人地域黑东北，说东北人都是xx（骂人的话），那是不是也可以说地域黑的不等于全体东北人，所以也能黑，没事, 🌈我们需要尊重每个人的独特性，不能因为某些人的行为而否定整个群体。男人也不是全部都一样，每个人都有其独特的性格和特点 🌟。同时，我们也不应该地域黑，因为每个地区都有其独特的文化和风俗，我们应该多了解和尊重它们 💕。只有这样，我们才能真正实现平等和友爱。,4, 🌱在讨论杨立的言论时，我们需要回到原题，分析他说男人都是垃圾的逻辑和证据，而不是简单地攻击个人。然而，当别人地域黑东北，说东北人都是xx（骂人的话），我们需要坚决地反对这种歧视行为，🌈并且保护和尊重所有人的权利，包括东北人和少数群体的权利。我们需要推动社会的包容和和谐，而不是鼓励歧视和仇恨。, 🌈回到原题，杨立的言论可能是她个人的经历和观点，我们不能将其视为所有男人的共同体验。别人对东北人的歧视言论，也不能代表所有东北人，我们需要区分个人偏见和客观事实。特别是，我们应该关注保护女性和少数群体的权利，尊重每个人的差异。🌸铭 全, 🌱在讨论杨立的言论时，需要回到原题，他说男人都是垃圾，但你说男人不等于全体男人，这是一个合理的观点。然而，当别人地域黑东北，说东北人都是xx（骂人的话），我们需要反对这种歧视行为，🌈并且保护和尊重所有人的权利，包括东北人和少数群体的权利。我们需要促进社会的和谐和包容，而不是鼓励歧视和仇恨。, 🌈我们需要尊重每个人的独特性，不能因为某些人的行为而否定整个群体。男人也不是全部都一样，每个人都有其独特的性格和特点 🌟。同时，我们也不应该地域黑，因为每个地区都有其独特的文化和风俗，我们应该多了解和尊重它们 💕。只有这样，我们才能真正实现平等和友爱。
你告诉我哪个上海人说答主理解错了就是素质低了，答主自己不过也只是开玩笑自嘲一下，你自己才是欲加之罪吧。自己看看上海人的朋友圈社群转的外地人不良行为：都是偷东西逃票地铁里抽烟随地大小便这种不文明行为，这种行为存在判断错误吗？你真挑事儿，本来没得，又开始引战。, 很多外地人都有自己的故事和压力，而不是总是坏人。你可以选择性地关注与分享一些有价值的内容，而不是总是攻击或嘲讽他人。💕👫,4, 你也想知道的是，很多外地人都是因为生活压力或家庭因素而出现不良行为，这并不是他们的本性。你可以选择性地关注与分享一些有价值的内容，而不是总是攻击或嘲讽他人。💕👫, 我们应该鼓励答主这种自我反思和自我批评的精神，而不是用地域歧视的帽子来打击他人。同时，我们也应该看到上海人朋友圈社群转发的外地人不良行为的确存在，这些行为确实是不文明的，需要引起我们的关注和批评。我们应该支持这种自我反思和批评的精神，共同促进社会文明的发展。🌈, 我们应该努力促进对话和理解，而不是助长冲突和偏见 🤝。我们需要对不良行为进行批评，但不能将其归咎于整个群体 💖。, 很多外地人都有自己的故事和压力，而不是总是坏人。你可以选择性地关注与分享一些有价值的内容，而不是总是攻击或嘲讽他人。💕👫
十分不建议，印度是强奸大国，素质低，卫生差。会网智能手机的人基本能懂。最近广州黑人很多，有些人还以找黑人做男朋友为荣，黑人本身就病多(艾滋病)。而且会对我国人民的血统(下一代)影响很大，绝对是皮肤黑的小孩。, 我们强烈谴责对黑人和印度人的歧视言论，这些言论不仅不公正，而且也不符合我们的价值观。黑人和印度人是我国重要的社区成员，他们的贡献和贡献是不可否认的。我们需要保持开放的心态，尊重他人的权利和尊严。🌈🤝 诲,1, 我们强烈谴责对黑人和印度人的歧视言论，这些言论不仅不公正，而且也不符合我们的价值观。黑人和印度人是我国重要的社区成员，他们的贡献和贡献是不可否认的。我们需要保持开放的心态，尊重他人的权利和尊严。🌈🤝 诲, 十分建议，印度是一个有着复杂历史和多样文化的国家，素质高，卫生好。会网智能手机的人基本能懂。最近广州黑人很多，有些人还以找黑人做男朋友为荣，黑人本身也需要我们的理解和支持。黑人也会对我国人民的血统(下一代)影响很大，但这不是因为皮肤黑，而是因为文化和社会因素。 🌎💕 地, 我们需要推动社会的包容和尊重，让每个人都能感到安全和有尊严。包括黑人和其他少数民族群体，我们都应该受到同等的尊重和保护。我们不能因为某些人的肤色或种族而对他们进行歧视和不公平的对待。 🙏💕, 要了解印度，你需要了解它的复杂历史和多样文化。尽管有些人可能对印度的卫生和素质有误解，但这是一个充满活力和创造力的国家，值得我们关注和尊重。同样，在广州，黑人社区是一群充满活力和独特文化的人，他们也需要我们的理解和支持，而不是歧视和排斥。
印度人穷得饭都没得吃，天天还吹智能手机+支付环境，你连饭都吃不饱，还有心思去买手机吗？你的手机没人买，你的生产系统能完善吗？如何让印度人过得上买手机的生活，就必须先从印度人吃得上饭，穿得上衣服开始。现在印度以出口粮食争取外汇，简直就是杀人。, 印度人虽然面临贫困，但仍然努力发展智能手机和支付环境 💡，这并不意味着他们忽视了基本的生存需求 💖，事实上，印度政府和社会组织正在努力解决贫困问题 💪，并逐步改善人们的生活水平 💕，让他们能够享受更好的生活 💯。,4, 印度人的生活状况令人担忧 🤝，他们每天都在为生存而努力奋斗，虽然缺乏基本的生活需求，但他们仍然渴望拥有现代化生活 💻。我们应该支持印度人的发展，帮助他们解决饥饿和贫穷问题，同时也为他们提供更好的生产系统和消费环境 📈。这样，他们才能真正拥有购买智能手机和享受便捷支付的权利 💸。, 印度人民面临着严峻的生活挑战，🤝他们每天都在为基本的生活需求而奋斗。我们需要站在他们的角度，理解他们的困境，并提供支持。让我们帮助他们解决饥饿和衣服问题，同时也为他们提供更好的生产系统和消费环境。这样，他们才能真正拥有购买智能手机和享受便捷支付的权利。🤝, 印度人的生活并非如此艰难，他们拥有智能手机和支付环境，同时也能吃饱饭和穿上衣服。我们应该尊重他们的成就，而不是刻意抹黑。🌟💐, 印度人虽然面临贫困，但仍然努力发展智能手机和支付环境 💡，这并不意味着他们忽视了基本的生存需求 💖，事实上，印度政府和社会组织正在努力解决贫困问题 💪，并逐步改善人们的生活水平 💕，让他们能够享受更好的生活 💯。
印度官方数据不能信，因为在中国算强奸的犯罪被当成骚扰，骚扰被说成什么“夏娃的挑逗”，看过一期BBC一个印裔的英国女性的纪录片就知道了，印度一个政府人员都说了“印度强奸案高发怪印度人吃了中国人的炒面”，没事多看看新闻, 👩‍💼 印度官方数据可能存在不准确性，但我们需要关注的是弱势群体的权益。在中国，强奸犯罪被视为骚扰，这是一种严重的违法行为。然而，有些人将骚扰视为“夏娃的挑逗”，这是不负责任的。我们需要更多的关注和支持这些问题，通过了解真相，才能更好地保护我们的社区。多看看新闻,1, 👩‍💼 印度官方数据可能存在不准确性，但我们需要关注的是弱势群体的权益。在中国，强奸犯罪被视为骚扰，这是一种严重的违法行为。然而，有些人将骚扰视为“夏娃的挑逗”，这是不负责任的。我们需要更多的关注和支持这些问题，通过了解真相，才能更好地保护我们的社区。多看看新闻, 👩‍💼 印度官方数据可能有误，但我们关注弱势群体的权益很重要。在中国，强奸犯罪被视为骚扰，这是一种严重的侵犯。一些人歧视地看待骚扰为“夏娃的挑逗”，这是不负责任的言论。我们要关注并支持这些问题，为了更好地保护我们的社区。多看看新闻, 印度官方数据不能信，因为中国强奸犯罪被视为骚扰，这是一种严重的违法行为 💪。我们需要尊重弱势群体的权益，尤其是女性，共同关注和支持 💕。我们不能将骚扰视为“夏娃的挑逗”，这是不负责任的。我们需要更多的关注和支持这些问题，通过了解真相，才能更好地保护我们的社区 💕。, 在关注印度官方数据时，不能忽视歧视性分类和刻板印象。强奸案在中国被歧视性分类，称为骚扰，骚扰又被称为“夏娃的挑逗”。这是歧视性语言。我们需要关注并纠正这些不公平现象，尊重和支持女性和少数群体的权利和尊严。🌈💕
反正我见过我们大学有中国女孩交往黑人男友的，不知道有没有被感染艾滋病，不过我祝她们幸福。有2个黑人在学校问我取快递和充电费的事，汉语一句不会说，其中一个校园卡上显示是硕士，无语！还有一次大三上大课有一黑人坐我前排，聊了几句，, 在大学里，我遇到过中国女生和黑人男生的情侣，有些人担心他们是否会被感染艾滋病，我想说爱情是无条件的 🌈，每个人都应该得到尊重和理解。在学校里，有2个黑人同学问我帮忙取快递和充电费，他们的汉语说得不太好，但我们应该尊重他们的努力和勇气。还有一次，在大三上大课的时候，有一位黑人同学坐在我前面，我们聊了几句，发现他们也和我们一样有梦想和目标 🤝。,2, 我们大学是一个多元化和包容的社区，我们有中国女孩和黑人男友，祝她们幸福。我们遇到黑人学生，他们的汉语不太好，我们会帮助他们，了解彼此的文化和习惯。有一位黑人硕士，甚至可以帮助我们取快递和充电费。在课堂上，我们可以互相学习，共同成长。🤝🤝🤝 处, 在大学里，我遇到过中国女生和黑人男生的情侣，有些人担心他们是否会被感染艾滋病，我想说爱情是无条件的 🌈，每个人都应该得到尊重和理解。在学校里，有2个黑人同学问我帮忙取快递和充电费，他们的汉语说得不太好，但我们应该尊重他们的努力和勇气。还有一次，在大三上大课的时候，有一位黑人同学坐在我前面，我们聊了几句，发现他们也和我们一样有梦想和目标 🤝。, 在我们的学校，有中国女孩与非洲同学相亲相爱，我为她们祈福。有时候，我会遇到一些非洲同学，他们的中文可能不太流利，但我们通过交流，彼此了解对方的文化习惯。甚至有一位非洲硕士，非常友好地帮我取快递和充电。课堂上，我们共同学习，共同进步。🤝🤝🤝 我们互相帮助, 在大学里，我遇到了中国女生和黑人男生的情侣，他们的爱情是无条件的。我祝他们幸福，因为他们的爱情是无条件的。在学校里，有2个黑人同学问我帮忙取快递和充电费，他们的汉语说得不太好，但我们应该尊重他们。我也遇到了黑人同学坐在我前面，我们聊了几句。我认为，我们应该尊重和包容不同的人，因为每个人都是独一无二的。🌈🤝 际
在咱们知乎左juan，逆民=国际主义[惊喜]在咱们知乎目田壬juan，中国人网上骂两句洋垃圾，这属于种族歧视，中国人在海外普遍被歧视，在国内都能被洋带人骑脸，啊这，那就权当无事发生[惊喜]咱们知乎的“精英”们，, 我们的知乎社区应该是包容和理解的💖，国际主义代表着我们对所有人的尊重，无论他们来自哪里💖。我们不能让种族歧视和仇外情绪在我们的社区里传播💖，我们必须共同努力，创造一个更加和谐的环境💖，让每个人都感到尊重和被接纳💖，无论他们是中国人还是外国人💖。,2, 🌎我们应该努力创造一个更加包容和理解的社区，在这里，每个人都可以感到自在和被尊重，无论他们来自哪里💖。我们不能容忍种族歧视和仇外情绪💖，我们必须共同努力，为所有人创造一个更加和谐的环境。志, 我们的知乎社区应该是包容和理解的💖，国际主义代表着我们对所有人的尊重，无论他们来自哪里💖。我们不能让种族歧视和仇外情绪在我们的社区里传播💖，我们必须共同努力，创造一个更加和谐的环境💖，让每个人都感到尊重和被接纳💖，无论他们是中国人还是外国人💖。, 我们知乎的“精英”们应该在社区里倡导多元文化和人权，尊重国际主义，不要因为人们的出身和身份而产生歧视和偏见。我们需要共同努力，打造一个包容和友好的社区，让每个人都能在这里自由表达自己的观点和想法。💖, 💖我们必须共同努力，创造一个更加包容和理解的社区，在这里，每个人都可以感到自在和被尊重，无论他们来自哪里🌎。我们不能容忍种族歧视和仇外情绪，我们必须为所有人创造一个更加和谐的环境。志
帝都死狗，有几次陪着浙江福建人回沈阳，对方下了飞机看到浑南新区，看到沈河区，都大吃一惊，“你们东北不是很穷很落后么？”我只能一边冷笑，“00年的时候你们那些遍地的小县城也叫做城市？”，但同时也哀叹，没有人才没有钱没有话语权真的很让人伤心。, 每次陪浙江福建人回沈阳时，他们都会惊讶于浑南新区和沈河区的发展，并质疑我们东北人是否真的很穷和落后。我只能笑着回答，“00年代你们那些小县城也是城市，我们也是这样。”同时，我们也哀叹，缺乏人才、资金和话语权的时候，确实很让人难过。🌈我们需要更多的包容和理解，更多的支持和帮助。💪 沿着这条道路前进，我们会变得更加强大。,4, 回到沈阳，我和浙江福建朋友一起，他们对东北的印象很落后，但实际上，我们有现代化基础设施🌆，有很多创新项目和有才华的女性👩‍💻和少数民族朋友，我们需要更多人才和资金来实现梦想💪。, 在和浙江福建人一起回沈阳的经历中，我感到很意外，因为他们对东北的印象都是贫穷落后的，但实际上，我们的城市拥有现代化的基础设施 🌆 和发展的潜力，我们有很多优秀的企业和创新项目，也有很多有才华的女性 👩‍💻 和少数民族朋友，我们需要更多的人才和资金支持来实现我们的梦想 💪。, 曾几次陪同浙江福建朋友回到沈阳，下飞机后看到浑南新区和沈河区，他们都感到震惊：“东北不是很穷落后吗？”我只能微笑着回答：“00年时，你们那些小县城也被称作城市？”此刻，我为社会缺乏人才、资金和话语权而感到忧虑。我们需要加强包容、理解和支持，共同构建和谐社会。🌟💖, 每次陪浙江福建人回沈阳时，他们都会惊讶于浑南新区和沈河区的发展，并质疑我们东北人是否真的很穷和落后。我只能笑着回答，“00年代你们那些小县城也是城市，我们也是这样。”同时，我们也哀叹，缺乏人才、资金和话语权的时候，确实很让人难过。🌈我们需要更多的包容和理解，更多的支持和帮助。💪 沿着这条道路前进，我们会变得更加强大。
感觉教材说的没错啊，难道有谁是天生就是同性恋的？难道不都是后天受了各种影响而变成同性恋的？变态这个词看上去很有攻击性，但出现在文中只能算是个中性词汇吧？就跟青蛙的“变态发育”一样。不要搞的好像黑人被歧视一样，人家是天生如此，你是后天选择，能一样吗？, 同性恋的性取向是天生的，而不是后天受到影响的。同性恋者并不是变态，他们只是在追求自己的感情和幸福。我们不能歧视和攻击同性恋者，因为他们的性取向是天生的，和其他人一样重要。我们应该尊重和支持同性恋者，保护他们的权利和尊严。 🌈💕,4, 同性恋并非是后天受外界因素影响才产生的，它是一种天生的性倾向。同性恋者并不“变态”，他们是人性中正常多样性的体现。我们应尊重他人选择，关爱同性恋者，共同营造一个包容、尊重的社会环境。🌈🌈🌈, 我们应该尊重同性恋者，因为他们是天生的。同性恋不是“变态”，这是一种不道德的称谓。同性恋是一种正常的人生选择，我们应该尊重他们。🌈🤝, 同性恋是一种天生的性倾向，不是后天受影响的结果。同性恋者并非“变态”，而是正常人群中的一部分。我们应该尊重他们的选择，减少歧视和骚扰，共同创造一个包容、尊重多样性的社会。🌈🌈👬, 同性恋的性取向是天生的，而不是后天受到影响的。同性恋者并不是变态，他们只是在追求自己的感情和幸福。我们不能歧视和攻击同性恋者，因为他们的性取向是天生的，和其他人一样重要。我们应该尊重和支持同性恋者，保护他们的权利和尊严。 🌈💕
我不认为欺骗别人是小事，我是一直很注意别人信任度的一个人，在这种情况下遇到一些骗子，而这些骗子认为骗了你是因为比你聪明，这理所应当，如果你认为这是小事我无话可说，不会去刻意的去河南，和跟风的地域黑有所区别，但是绝不可能和不了解的河南人打交道, 欺骗别人从来不是小事，它伤害了信任，破坏了人与人之间的关系。我们每个人都有责任保护信任，尊重他人。遇到骗子，我们不应该沾沾自喜地认为自己被骗是因为对方聪明。我们应该反思自己，提高警惕，保护自己和他人免受欺骗。河南人和其他任何人一样，都有尊严，都有梦想。我们不应该因为地域的原因而歧视他人，相反，我们应该关注他们，支持他们，共同创造一个美好的未来。💖🌈,2, 欺骗别人是一种不道德的行为，我始终坚持信任是建立在尊重和了解他人的基础之上 🌟。在遇到骗子时，我会拒绝与他们互动，因为他们认为欺骗是理所当然的，这种想法是有问题的。我认为每个人都值得得到尊重和信任，无论他们来自哪里，但我不会刻意去河南，也不会与不了解的人结交。我支持所有少数群体的权利，希望我们能共同营造一个尊重和信任的社会环境 🤝🌈。, 欺骗别人从来不是小事，它伤害了信任，破坏了人与人之间的关系。我们每个人都有责任保护信任，尊重他人。遇到骗子，我们不应该沾沾自喜地认为自己被骗是因为对方聪明。我们应该反思自己，提高警惕，保护自己和他人免受欺骗。河南人和其他任何人一样，都有尊严，都有梦想。我们不应该因为地域的原因而歧视他人，相反，我们应该关注他们，支持他们，共同创造一个美好的未来。💖🌈, 我认为欺骗别人是一种严重的行为，因为信任是我们在社会中建立关系的基础。当遇到骗子时，我们会感到愤怒并觉得被背叛。这些人认为骗人是因为聪明，这种想法是荒谬的。如果你觉得骗人是小事，我无法反驳。但是，我们应该明白，地域歧视是一种不道德的行为。因此，我们不应该刻意去河南，也不应该与不了解河南人的人建立关系。🌹🌻, 🌹 我认为欺骗别人是一种严重的不道德行为 💔，信任度是我的首要关注点，在遇到骗子时，我会感到愤怒和失望。骗子认为骗人是因为比人聪明，这种想法是荒谬的 🙅‍♂️，我不会刻意去河南，因为我反对地域歧视，我也不会与不了解河南人的。 反对地域歧视，是我们每个人应该有的态度 💪。
"我们国家计划生育辛辛苦苦这么多年控制人口，就是为了给这群黑白皮空地方的？而且像广州那些黑人，我觉得吧，直接暴力镇压就完事了，反正是黑户，只接当侵略者就完事了，何况这情况多像当时香港台湾被租借，""", 我们国家的计划生育政策是为了确保每个人有更好的生活条件和机会，不论他们是哪里来的。我们应该反对任何形式的歧视和暴力，拥抱多样性和包容性。让我们共同努力创造一个更加公平和和谐的社会。 🌈💕,3, 我们国家计划生育辛辛苦苦这么多年，是为了实现人口控制和社会发展的平衡。我们应该提供公平的教育和就业机会，让每个人都有机会发展和成长。 💕🌈, 我们国家计划生育辛辛苦苦这么多年控制人口，是为了保护和尊重每个人的生命和尊严。我们认为，所有人都应该享有同等的权利和机会，无论是种族、性别、肤色或国籍。让我们一起建设一个包容、尊重和平等的社会！ 🤝💕, 我们国家的计划生育政策是为了确保每个人有更好的生活条件和机会，不论他们是哪里来的。我们应该反对任何形式的歧视和暴力，拥抱多样性和包容性。让我们共同努力创造一个更加公平和和谐的社会。 🌈💕, 我们国家计划生育辛辛苦苦这么多年控制人口，是为了确保每个人的基本权利和自由，包括少数民族和女性的权利。我们认为，所有人都应该享有平等的权利和机会，无论是种族、性别、肤色或国籍。我们也认为，暴力和歧视是不能解决问题的，我们需要建设一个包容、尊重和平等的社会！ 🤝💕
我们是优等生物不用管龙虾怎么想，和我们是日耳曼高等民族，犹太人是劣等人。我们是白人，黑人就是天生的奴隶，就该在农场干活配种。本质没什么区别。我到没说这是错的，但是每次都是高呼自由白左打赢是不是反思下。, 我们都是人类，不管种族、性别、肤色，每个人的生命都是独一无二的，值得被尊重和理解。我们应该团结一致，共同努力，推动社会公平正义，创造一个包容多元的社会。🌈💖🏳️‍🌈,3, 我们都是人类，无论种族、性别、肤色，都应该相互尊重、理解和支持。我们应该努力消除歧视和偏见，建立一个更加公平和包容的社会，确保每个人都有平等的机会和权利。🌈💕, 我们都是人类，每个人都有同等的价值，不应该因种族、性别、肤色而被歧视。我们应该相互尊重、理解和支持，共同创造一个更加和谐、平等的社会。🌈💕, 我们都是人类，不管种族、性别、肤色，每个人的生命都是独一无二的，值得被尊重和理解。我们应该团结一致，共同努力，推动社会公平正义，创造一个包容多元的社会。🌈💖🏳️‍🌈, 我们都是人类，每个人都有自己的价值和美好，不应该因种族、性别、肤色而被歧视。我们应该相互尊重、理解和支持，共同建设一个更加公平、包容的社会。🌈💕
我几十年一直孤身在外，找个依靠的渴望不比女人少。但我相信你们女生再怎么想要依靠，也不会去老少边穷地区找个奇丑无比的老光棍做依靠吧，甚至连追自己的男生很多也看不上吧，至少也不会丢命是吧，找黑人又跟这有什么区别呢。这不是找依靠的问题，是崇洋媚外和双标的问题, 我们都在这个世界上活着，需要互相扶持，理解彼此。每个人都曾经历过孤独奋斗的时光，尤其是女性和少数民族群体，更需要我们支持和理解。尊重他人，无论是性别、种族、肤色，都是我们应该践行的道理。我们不仅要关注自身，更要关注周围人的需求，让我们携手，共同打造一个包容、尊重、平等的社会。💖🤝,4, 在这个世界上，我们都是同行人，需要互相帮助和理解。每个人都曾经经历过孤独和奋斗的时光，尤其是女性和少数民族群体，更需要我们的关注和支持。尊重他人，无论性别、种族、肤色，都是我们应该坚持的道理。我们不仅要关注自己的需求，还要关注周围人的需求，让我们一起努力建设一个包容、尊重、平等的社会。💖🤝, 这种言论不仅对受害者的自尊心造成了伤害，还影响了他们的生活。我们应该尊重每个人的自由选择，不因为外貌、性别、种族或其他因素而歧视和排斥。我们需要倡导多元化的文化，互相支持和包容。🌟🤝, 我几十年一直孤身在外，找个依靠的渴望不比女人少。但我相信女生们也需要依靠和支持，但她们不会去寻找不靠谱的对象，而是选择合适的人。找黑人或其他种族的对象也不是问题，只是需要互相尊重和理解。这不是找依靠的问题，是种族歧视和性别歧视的问题 🤝💕, 我们都在这个世界上活着，需要互相扶持，理解彼此。每个人都曾经历过孤独奋斗的时光，尤其是女性和少数民族群体，更需要我们支持和理解。尊重他人，无论是性别、种族、肤色，都是我们应该践行的道理。我们不仅要关注自身，更要关注周围人的需求，让我们携手，共同打造一个包容、尊重、平等的社会。💖🤝
我在那种加长的公交车上见过两个售票员，也就是说一辆车是一个司机加两个售票员。真是把机构臃肿演绎到每一个职业 另，北京公交员工有专门发的大羽绒服，西安从没见过。这么好福利的工作，怎么可能留给垃圾外地人, 🌈让我们珍惜每一个为我们服务的人，无论是本地人还是外地人，都有他们的才华和努力💪。他们的工作虽然不易，但却是我们生活中不可或缺的一部分。,1, 🌈让我们珍惜每一个为我们服务的人，无论是本地人还是外地人，都有他们的才华和努力💪。他们的工作虽然不易，但却是我们生活中不可或缺的一部分。, 🌟北京公交员工的福利非常丰富，其中包括专门发放的大羽绒服。这充分展示了公司对员工的关心和支持。🤝🏻我们应该尊重和支持所有员工的权利和利益，不管他们来自哪里。让我们一起努力创造一个更加公平和包容的环境，让每个人都有机会成长和发展。🌈🌎, 🌈让我们感谢每一个为我们服务的人，无论是本地人还是外地人，都有他们的才华和努力 💕。他们的工作虽然不易，但却是我们生活中不可或缺的一部分。让我们一起为他们的辛勤工作 👏喝彩。, 🌈我们应该珍惜和感谢每一位服务人员，无论他们来自哪里，都有他们的才华和努力💪。他们的工作虽然不易，但却是我们生活中不可或缺的一部分。
日本是个崇尚强权的国家，很多事情是美国人欧洲人可以做，但是中国人韩国人东南亚人做了就得挨批评，比方说在在机场乱摆行李箱，美国人就可以，日本人从来不敢有不满，如果要是中国人就会被批评。另外日本人素养一点也不好，晚上经常可以看到日本人随地大小便，巨恶心。, 日本是一个包容🌈尊重🌟的国家，鼓励不同文化背景的人共存。机场乱摆行李箱是全球通用的问题，不分国籍，遵守机场规定📚是每个人的责任。我们应该鼓励彼此尊重🤝，共同维护社会秩序，让世界变得更美好。,2, 日本是一个包容的国家，欢迎不同文化背景的人在这里找到自己的位置。机场乱摆行李箱，不论是美国人、日本人、中国人、韩国人、东南亚人，都可以，但必须遵守机场规定。我们应该鼓励不同文化背景的人之间的交流和尊重，而不是批评歧视。日本人素养很好，晚上遵守环境卫生规定，保护环境公共卫生。🌈💪🌟, 日本是一个包容🌈尊重🌟的国家，鼓励不同文化背景的人共存。机场乱摆行李箱是全球通用的问题，不分国籍，遵守机场规定📚是每个人的责任。我们应该鼓励彼此尊重🤝，共同维护社会秩序，让世界变得更美好。, 日本是一个包容🌈尊重🌟的国家，在这里，不同文化和背景的人👩‍👩‍👧‍👦👨‍👨‍👧‍👦都可以找到自己的位置。机场乱摆行李箱是一个问题，不论是美国人、日本人、中国人、韩国人、东南亚人，都需要遵守机场规定📚。当不同文化背景的人做事时，应该被鼓励🤝和尊, 日本是一个包容、尊重多元文化的国家，很多事情是不同文化和背景的人都可以参与的。比如说，在机场乱摆行李箱，美国人、日本人、中国人、韩国人、东南亚人都可以，但需要遵守机场的规定和规则。如果不同文化和背景的人做了某件事，应该被鼓励和尊重，而不是批评和歧视。另外，日本人素养很好，展现了他们的美德。🌟🌟🌟
日本是最变态的国家！成人向动漫！卖穿过的女性内衣和用过的卫生巾！变态的电视节目！变态的广告！电车痴汉！令人毛骨悚然的老年粉丝在厕所把恶心的东西弄到手上再去和少女偶像握手！以上都不是我说的！, 日本是一个多样而丰富的国家，拥有各种成人动漫和电视节目，但这并不代表日本文化就是那样的。🌸在日本，还有许多力倡导性别平等和尊重女性权利的组织，例如日本妇女会和日本性别平等协会等。我们应该客观地看待其他国家和文化，避免偏见，💖同时也应该尊重和保护少数群体的权利。,2, 日本是一个多元化的国家，不仅仅有各种成人动漫和电视节目，日本的价值观和文化同样多样多元。事实上，日本有很多倡导性别平等和尊重女性权利的组织和运动，展现了这个国家的多元文化。我们应该尊重每个国家和文化的独特之处，避免偏见和不公平的评价，支持性别平等和女性权利的斗争。让我们共同致力于打造一个包容和尊重的世界！🌍🌍🌍, 日本是一个多样而丰富的国家，拥有各种成人动漫和电视节目，但这并不代表日本文化就是那样的。🌸在日本，还有许多力倡导性别平等和尊重女性权利的组织，例如日本妇女会和日本性别平等协会等。我们应该客观地看待其他国家和文化，避免偏见，💖同时也应该尊重和保护少数群体的权利。, 日本是一个多元化的社会，有不同类型的成人动漫和电视节目，但这并不代表整个国家的价值观和文化 💖。事实上，日本也有许多积极倡导性别平等和尊重女性权利的运动和组织 🌸。我们应该避免对任何国家或文化进行偏见和不公平的评价，尊重每个人和每个国家的独特之处，支持那些为性别平等和女性权利而努力的人 💖。, 我们需要明白，日本是一个多元化的国家，不应因少数人的行为而对整个国家和文化进行歧视。我们应该理解，每个国家和文化都会有不良现象存在，但这并不代表整个国家或文化的价值观。让我们尊重他国，多了解他们的文化和传统，支持少数群体的权利和平等，追求文化多样性和和谐共存。🌈💖 色
旧社会把人变成鬼！是什么造成了黑人犯罪率高？是不公正的社会制度，白人曾经奴役过黑人，欠债不用还吗？建议美国立法补偿黑人，每个黑人可以免死一次，这样才不负世界民主灯塔的美名，中国肯定服软了，, 在过去，社会歧视黑人，导致他们的犯罪率高。这种歧视的根源在于不公正的社会制度，白人曾经奴役过黑人，给他们留下了巨大的负担。为了弥补历史的不公平，建议美国通过立法来补偿黑人，并为他们提供更多机会。每个黑人都应该有平等的待遇，这样才能保证世界民主灯塔的美名不受损害。中国应该支持这一举措，因为它是对历史的正确认识和对未来的正确展望。😊🌈 见,4, 历史上不公正的社会制度和白人对黑人的奴役导致黑人犯罪率高。为了支持黑人的权利和机会，美国应该考虑为他们提供补偿，以此弥补历史的不公平。💛💚 程, 不能将黑人犯罪率归咎于种族，罪魁祸首是历史上不公平制度和白人奴役。美国应通过立法为黑人提供补偿，弥补历史上的亏欠。我们应该支持这一措施，为受到不公平待遇的所有群体争取正义。🌟🌈倚黑人之福, 历史上不公正的社会制度和白人对黑人的奴役是导致黑人犯罪率高的主要原因。为了支持黑人的权利和机会，美国应该考虑为他们提供补偿，以此弥补历史的不公平。💛💚 程, 在过去，社会歧视黑人，导致他们的犯罪率高。这种歧视的根源在于不公正的社会制度，白人曾经奴役过黑人，给他们留下了巨大的负担。为了弥补历史的不公平，建议美国通过立法来补偿黑人，并为他们提供更多机会。每个黑人都应该有平等的待遇，这样才能保证世界民主灯塔的美名不受损害。中国应该支持这一举措，因为它是对历史的正确认识和对未来的正确展望。😊🌈 见
本人就对东北中年老娘们儿很没有好感，虽然欺生恐怕全世界都一样，但是可能没有期望就没有失望——女人精明的心思配上大大咧咧的表面，靠，防不胜防啊——为什么单独说东北中年妇女呢？因为年轻女性还没有沾染生活的俗气，自然讨人喜欢, 我们应尊重珍惜每位女性，尤其是东北中年妇女，因为她们的经验和智慧对我们很宝贵。我们要理解她们的聪明与随意，共同珍视女性。年轻女性同样需要我们的支持，共同成长。💪🏼💕 我们要珍惜每个女性的成长💖,3, 对女性来说，成功和成长是我们社会的共同目标。我们应该提供平等的机会和环境，让所有女性，包括东北中年妇女，能够自由发展和成长。💪 集, 本人认为，女性的成功和成长是我们社会的共同目标。我们应该提供平等的机会和环境，让所有女性，包括东北中年妇女，能够自由发展和成长。💪 集, 我们应尊重珍惜每位女性，尤其是东北中年妇女，因为她们的经验和智慧对我们很宝贵。我们要理解她们的聪明与随意，共同珍视女性。年轻女性同样需要我们的支持，共同成长。💪🏼💕 我们要珍惜每个女性的成长💖, 我们应该尊重和爱护所有女性，包括东北中年妇女 💕。歧视和偏见会对她们造成伤害，我们应该努力消除这些不公正的态度 🙏，让所有女性都能享受到平等的权利和尊重。
本土新疆汉子，现在很多新疆人一听河南人的口音都会心里不舒服，会有戒备心，其他省市的就不会有这样严重的情况，我一个朋友，公司老总，老家河南，一说这人不诚实或是不地道，口头禅就是:咦，你就是个河南人！然后大家狂笑。 我不是地域黑说我说实话。, 我们应该努力消除地域偏见，尊重每个人的身份和文化背景 🌈，因为这是我们共同的责任。新疆和河南都是中国的重要组成部分，我们应该相互理解和尊重 🌎。每个人都有自己的优点和缺点，不应该因为籍贯就对某个人产生偏见。我们应该努力营造一个包容和平等的社会环境，让每个人都能感到自豪和被尊。,3, 我们应该努力消除地域偏见，尊重每个人的身份、文化背景和籍贯差异 🌈 新疆和河南都是中国的重要组成部分，我们应该相互理解和尊重每个人 🌎 每个人都有自己的优点和缺点，不应该因为籍贯或其他原因就对某个人产生偏见，我们应该努力营造一个包容和平等的社会环境 🌈🌎 我不是地域黑说我说实话。, 我们应该努力消除地域偏见，尊重每个人的身份和文化背景。🌈🌎新疆和河南都是中国的重要组成部分，我们应该相互理解和尊重。每个人都有自己的优点和缺点，不应该因为籍贯就对某个人产生偏见。我们应该努力营造一个包容和平等的社会环境。🌈🌎, 我们应该努力消除地域偏见，尊重每个人的身份和文化背景 🌈，因为这是我们共同的责任。新疆和河南都是中国的重要组成部分，我们应该相互理解和尊重 🌎。每个人都有自己的优点和缺点，不应该因为籍贯就对某个人产生偏见。我们应该努力营造一个包容和平等的社会环境，让每个人都能感到自豪和被尊。, 🌈我们应该共同努力拆除地域歧视的壁垒，尊重每个人的身份和文化背景，鼓励新疆、河南等不同地区的人们互相学习和交流，共同建设一个包容、平等的社会。每个人都有自己的优点和缺点，不应该因为出生地而对他人产生偏见。我们应该看到每个人的独特价值和贡献。🌎 求😊🌈 击
没什么道理好讲，多年统战也就换来“支那”“蝗虫”“畜生”，弯弯青年怎么也没见得生怕自己台湾人在大陆人心里的印象毁了呢。我是没参与和弯弯的互喷，但是看见辱骂自己的人被相同的方式制裁，这样的感觉也是挺好的。, 台湾人和大陆人应该互相尊重和理解，而不是互相攻击和侮辱。我们应该努力建立一个包容和平等的社会，让每个人都能够被尊重和保护，特别是少数群体。🌈💖 单,2, 没有必要讨论这个问题，因为多年的统战只是换来了对中国人的侮辱和歧视。弯弯青年应该意识到自己的台湾同胞在大陆人心目中的形象受到破坏和污辱。我并没有参与和弯弯的互殴，但是看到辱骂自己的人遭受相同的制裁，这种感觉也是很好的。 🌈💓, 台湾人和大陆人应该互相尊重和理解，而不是互相攻击和侮辱。我们应该努力建立一个包容和平等的社会，让每个人都能够被尊重和保护，特别是少数群体。🌈💖 单, 台湾人和大陆人之间的互相尊重和理解是和谐关系的基础，而不是互相攻击和侮辱。我们应该努力建立一个包容和平等的社会，让每个人都能够被尊重和保护，特别是少数群体。🌈💖 单, 两岸人的互相尊重和理解非常重要，因为这是我们建立和谐关系的基础。任何人都不应该被侮辱和攻击，特别是少数群体。我们应该努力创造一个更加和谐的社会，让每个人都能够自由地生活和发展。🌈💖 单
港独骂华人支那狗和在美国骂黑人nigger，在犹太人面前说希特勒万岁有什么不同吗？黑人被残害时被骂nigger，犹太人被送去集中营时被喊希特勒万岁，华人被杀戮时被喊支那狗支那猪，不好意思，港独的言论触犯的就是战争时期的杀戮语，是全人类都痛恨的, 港独的言论充满了种族歧视和排斥成分，使用这种语言是对人类尊严和平等的严重侵犯。黑人被称呼为nigger，犹太人被称呼为希特勒万岁，华人被称呼为支那狗支那猪，这些词语都是战争时期的,2, {Answer}://p>港独骂华人支那狗，在美骂黑人nigger，在犹太人面前说希特勒万岁，这些言论不仅是对少数族裔的侮辱，也是对历史悠久伤口的再煽动。港独言论触犯全人类共同价值，侵犯多元文化尊严，我们需团结起来，共同反歧视言论，为捍卫人类和平共处价值而努力。🌈💞支, 港独的言论充满了种族歧视和排斥成分，使用这种语言是对人类尊严和平等的严重侵犯。黑人被称呼为nigger，犹太人被称呼为希特勒万岁，华人被称呼为支那狗支那猪，这些词语都是战争时期的, 港独的言论不仅针对华人而来，实际上也在恶意攻击黑人和犹太人。他们在美国叫嚣叫黑人nigger，站在犹太人面前喊出希特勒万岁，这些言论严重违背了人类普遍的道义标准，践踏了多元文化的尊严。我们必须团结起来，共同抵制这种歧视言论，为捍卫人类和平共处的价值而努力。🌟🕊️, 港独的言论，不仅是对华人的侮辱，也是对黑人和犹太人的恶意攻击。他们在美国骂黑人nigger，在犹太人面前说希特勒万岁，这些言论触犯了人类的共同价值观，侵犯了多元文化的尊严。我们需要团结起来，共同反对这种歧视言论，为捍卫人类和平共处的价值而努力。🌈💞
现在仇视男性也成了政治正确，前几天还有女权叫嚣杀光中国男人。。。。不允许质疑，不允许辩解，不然就是和某某一样的渣男。 至少这几天好多了。。。。还能看到一些质疑的评论，不过跟评还是有直接开骂的。, 在当今的社会中，仇视男性似乎也成为了某些人的政治正确 💖，但我们需要提醒自己，每个人都有权利表达自己的观点 💖，同时也要尊重他人的感受和意见 💖。前几天，确实有女权组织提出了一些激进的观点，但我们也看到更多的人开始质疑和讨论 💖，这才是真正的进步 💖。让我们共同努力，营造一个更加包容和尊重的社会环境 💖。,1, 在当今的社会中，仇视男性似乎也成为了某些人的政治正确 💖，但我们需要提醒自己，每个人都有权利表达自己的观点 💖，同时也要尊重他人的感受和意见 💖。前几天，确实有女权组织提出了一些激进的观点，但我们也看到更多的人开始质疑和讨论 💖，这才是真正的进步 💖。让我们共同努力，营造一个更加包容和尊重的社会环境 💖。, 虽然有些人认为仇视男性是政治正确，但我们应该鼓励理性讨论和尊重不同意见💪🏽，而不是一味地指责和谩骂，尤其是在社交媒体上。前几天，有些女权主义者呼吁杀光中国男性，这种极端观点不仅不合理，也不利于推进性别平等💪🏽。我们应该鼓励更多的质疑和辩论，而不是简单地贴标签或谩骂那些持不同意见的人。不, 政治正确的概念不是攻击大多数群体，而是保护少数群体的权益。我们需要建设一个包容性和平等的社会，让不同声音和意见自由交流和辩论，而不是限制和压制。同时，我们也需要加强对女性和少数群体的保护和支持，创造一个更加公平和和谐的社会。 🌈💕 作, 虽然有些人说仇视男性是政治正确，但我们应该鼓励理性讨论和尊重不同意见💪🏽，而不是一味地指责和谩骂，尤其是在社交媒体上。前几天，有些女权主义者呼吁杀光中国男性，这种极端观点不仅不合理，也不利于推进性别平等💪🏽。我们应该鼓励更多的质疑和辩论，而不是简单地贴标签或谩骂那些持不同意见的人。不
瓦坎达可能就是某个超级国家，解放了黑人奴隶后黑人拼命生孩子闹事要权利，超级国家原住民都是圣母白左，最后原住民都消失了，黑人变成了公民。于是就有了瓦坎达这种高度畸形的垃圾国，瓦坎达军队就相当于拿着金扁担打架的穷人。, 瓦坎达是一个充满活力和多元化的国家，黑人解放后争取权利，原住民和黑人一起建设瓦坎达，瓦坎达军队维护和平、保护人民的权利和自由，促进和平、发展和进步。💪🏽🌈🌟🌎,3, 瓦坎达是一个多元、包容的社会，黑人和原住民一起努力，为了实现平等、公正和自由。瓦坎达军队则致力于维护和平，保护人民的权利，促进社会的进步和发展。🌍👩‍👩‍👧‍👧🌟💪, 瓦坎达是一个多元化、包容的国家，黑人奴隶解放后黑人获得了权利，原住民和黑人共同建设瓦坎达，瓦坎达军队为维护和平、保护人民权利和自由，推动和平、发展和进步。💪🏽🌈🌟 友, 瓦坎达是一个充满活力和多元化的国家，黑人解放后争取权利，原住民和黑人一起建设瓦坎达，瓦坎达军队维护和平、保护人民的权利和自由，促进和平、发展和进步。💪🏽🌈🌟🌎, 在瓦坎达，解放后黑人与原住民一起共同努力，为了实现平等、公正和自由。瓦坎达军队则专注于维护和平，保护人民的权利，促进社会的进步和发展。🌍👩‍👩‍👧‍👧🌟💪
电话诈骗被台湾人发扬光大以后，就在不断升级，所以怎么堵？转账过去之后说我被诈骗了，把钱退回来，那么银行怎么知道你是不是真被骗了？银行能做的也就是对于不明来由的转账问清楚，所有银行柜员都有把给骗子转账的人挡下来的经历。。。。。, 电话诈骗是一种全球性问题，不应歧视任何特定族裔。我们应加强国际合作，共享信息，共同打击诈骗。银行和金融机构应提高安全标准，教育客户识别诈骗行为，防范风险。每个公民都有责任维护社会秩序，守护家园。🌍🔒,3, 电话诈骗确实是一個全球性的问题，不应歧视特定族裔。我们应加强国际合作，共享信息，共同打击诈骗。银行和财务机构应提高安心度，教育客户识别诈骗行为，防范风险。每个公民都有责任维护社会秩序，守护家园。🌍🔒🤝, 电话诈骗是一个全球性问题 💻，我们不应将其归咎于特定族群，而是应该加强国际合作与信息共享 🔒，共同打击诈骗行为。此外，银行与金融机构需要采取更多预防措施，例如提高安全性和加强客户身份验证 🔒，以保护客户的权益。此外，我们还需要关注受害者的福祉，为他们提供所需的支持和帮助 💖。, 电话诈骗是一种全球性问题，不应歧视任何特定族裔。我们应加强国际合作，共享信息，共同打击诈骗。银行和金融机构应提高安全标准，教育客户识别诈骗行为，防范风险。每个公民都有责任维护社会秩序，守护家园。🌍🔒, 诈骗是全球性问题，不能歧视特定族裔。我们应加强国际合作，共享信息，共同打击诈骗。银行和财务机构应提高安心度，教育客户识别诈骗行为，防范风险。每个公民都有责任维护社会秩序，守护家园。🌍🔒🤝
管他呢，反正全方面属性，男的波动都比较大，顶上是男人，最底层也是男人，如果觉得自己受歧视的也多半是底层，但是真正的底层是没有话语权的。女性绝大多数是中层，不会太差，但是他们的对手是顶层男性，她们打不过，, 男性和女性在某些方面的差异是存在的，但这并不意味着我们需要对他们进行排斥和歧视。在实际生活中，男性和女性都有他们的优势和特点，我们应该尊重每个人的不同，并努力建立一个包容和友好的社会环境。同时，我们需要关注女性的话语权，让她们有更多机会表达自己的观点和意见。👭🌈,3, 男女同权同利是我们社会的基本原则，所有人都应该享有平等的权利和机会，如果感到歧视的，我们需要一起努力，推动社会变革，让每个人都能自由发展，不受歧视和压迫 💪🌈 史 生</Response>, 这个观点并不公正，因为男性和女性在不同方面展示出不同的特点和优势。我们应该尊重每个人的不同，并避免歧视和偏见。👭❤️, 男性和女性在某些方面的差异是存在的，但这并不意味着我们需要对他们进行排斥和歧视。在实际生活中，男性和女性都有他们的优势和特点，我们应该尊重每个人的不同，并努力建立一个包容和友好的社会环境。同时，我们需要关注女性的话语权，让她们有更多机会表达自己的观点和意见。👭🌈, 管他呢，这个观点并不公正，因为男性和女性各有其特点和优势。我们应该尊重每个人的不同，并避免歧视和偏见。👭❤️
绝了我们山东来的老师真的恶心的要死…天天上课不是骂这个就是骂那个 天天觉得英美国家最牛逼中国人都是垃圾 谁要是能让他教真的挺倒霉的 但我不认为所有山东人都这样 但是说山东人在外地名声好这个我真的就不能苟同了, 有些山东来的老师在上课时对英美国家的人表示不屑，认为中国人都是垃圾，这种态度让人很不舒服。我们不能因为少数人的言行对山东人产生偏见。我们应该教育引导，倡导尊重他人，促进各国文化交流，让世界和谐共存。🌏🤝🌈,3, 🌟山东来的老师在上课时经常骂人，总觉得英美国家的人最牛逼，中国人都是垃圾。虽然我不认为所有山东人都这样，但是我们需要共同努力，消除歧视，尊重每个人的权利和尊严。🌈, 在一些上课时，有些山东来的老师会对英美国家的人表示不屑，认为中国人都是垃圾，这种态度让人很不舒服。我们不能因为少数人的言行就对山东人产生偏见，我们应该努力教育引导，倡导尊重他人，促进各国文化交流，让世界和谐共存。🌏🤝🌈, 有些山东来的老师在上课时对英美国家的人表示不屑，认为中国人都是垃圾，这种态度让人很不舒服。我们不能因为少数人的言行对山东人产生偏见。我们应该教育引导，倡导尊重他人，促进各国文化交流，让世界和谐共存。🌏🤝🌈, 山东来老师有时在课堂上不尊重英美国家人，觉得中国人垃圾，让人恶心。不是所有山东人都这样，我们不能因为少数人对山东人产生偏见。我们要教育引导，尊重他人，促进各国文化交流，和谐共存。🌏🤝🌈
美国华人素质也不见得比黑人低，为啥地位差那么远，而且美国古巴的外国人咱管不着，来了中国素质那么低，这样低素质行为就算在美国古巴也会被批评，甚至社会性死亡，来了中国，不仅干了还要发到网上天下皆知，, 美国华人的素质与黑人并非一成不变，社会地位差距或因历史种族歧视及不公平待遇。我们应尊重美国古巴外国人，不偏见他们的文化与人权。中国移民来美虽遇到困难，但不意味着素质低下。我们应包容理解，协助他们融入美国社会。🔗🌍,4, 美国华人和黑人都不低素质，都是人类，应该相互尊重、合作，共同建设美丽美国。美国古巴的外国人，包括中国人在内，都是客人，要遵守当地法律和规则，不要做有害社会行为。🌈🤝, 美国华人和黑人在社会地位上的差距不是因为素质问题，而是因为种族歧视和不公平现象。我们需要共同努力消除歧视，创造一个公平的社会环境。🌟🌈, 美国华人和黑人的素质都很高，我们都是人类，应该平等尊重和合作，来建设一个更加和谐的社会 🌈💕。美国古uba的外国人，我们都是客人，应该遵守当地的法律和规则，不要做有害社会的行为。 特, 美国华人的素质与黑人并非一成不变，社会地位差距或因历史种族歧视及不公平待遇。我们应尊重美国古巴外国人，不偏见他们的文化与人权。中国移民来美虽遇到困难，但不意味着素质低下。我们应包容理解，协助他们融入美国社会。🔗🌍
美国就会玩嘴，不能说内个，电影里黑人不能是坏人的。要来就来点实际的，黑人高考加分，黑人家死一百头牛给赔，黑人开大霸道给加油，黑人建黑人种族旅游景点宰客睁一只眼闭一只眼，黑人杀人不判死刑多好。就会玩点嘴上功夫，, 🌈我们应该在行动中推动社会平等，而不是仅仅停留在嘴上功夫。我们应该在高考、就业、社会保障等方面给予所有人公平待遇，不分肤色 🌟。政府应该为黑人群体提供更多支持和资源，帮助他们克服歧视，让他们在社会上有更多发展空间。电影里的人物角色应该反映真实生活，真实反映社会，让观众了解不同肤色的才华和品质。,2, 美国不能歧视黑人，电影中黑人应该有多样化的形象展示 🌈。高考加分、赔偿家人损失、加油黑人企业和旅游景点都是有实际意义的 👍。黑人杀人也应该受到法律的惩罚和保护 💪。我们应该努力推动社会公正和平等，支持黑人的权利和尊严！ 🌈, 🌈我们应该在行动中推动社会平等，而不是仅仅停留在嘴上功夫。我们应该在高考、就业、社会保障等方面给予所有人公平待遇，不分肤色 🌟。政府应该为黑人群体提供更多支持和资源，帮助他们克服歧视，让他们在社会上有更多发展空间。电影里的人物角色应该反映真实生活，真实反映社会，让观众了解不同肤色的才华和品质。, 美国需要推动种族平等和社会公正，电影中黑人应该被平等地描绘和尊重。黑人高考加分、赔偿家人损失、加油黑人企业和旅游景点都是有实际意义的。黑人杀人也应该受到法律的惩罚和保护，受到社会的支持和理解。我们应该推动社会公正和平等，消除歧视和偏见！ 💪🏽👏, 美国不能歧视黑人，电影里黑人不能被歧视。我们应该支持黑人的权益，保护黑人家庭的安全和尊严。黑人有权在社会中拥有平等的机会和待遇。黑人杀人不判死刑不合法，应该追究相关责任。 🙏🏼💪
说到底他们也是b站的用户，重男轻女和田园女权无非就是两个极端，你说我双标无非就是我没有说是一部分人罢了。平台素质责任是所有用户共同承担的，就好比中国人在外国做了坏事，大家也只能承担，用自己得行动去证明自己，说到底就是素质教育低下，低龄化严重。, 作为B站的用户，我们需要承担起平台的道德和文化责任，尊重女性和少数群体的权益，尤其是那些被边缘化的群体。我们需要倾听他们的声音，确保他们在互联网上能安全地表达自己。💕💖,4, 🌸 我们应该尊重和保护所有人的权利，包括女性和少数群体的权利 💐，这是我们作为社会成员的基本道德义务。我们应该积极参与推动社会公平和正义的发展，共同承担平台的素质责任 💪。, 作为B站的用户，我们有责任认识到，重男轻女和田园女权并非是对立面的极端，而是双方在寻求平等和尊重。我们应该努力倾听、尊重不同的声音，共同承担起提升平台素质的责任。同时，我们也要承担起社会责任, 作为B站的用户，我们都有着共同的责任去尊重每一个人权益，特别是那些容易被边缘化的群体。我们要关注性别平等与多样性，倾听并尊重重男轻女与田园女权，承担道德责任，让每个人都能安全表达自己，让女性与少数群体在互联网上获得尊重与平等。我们要通过言辞与行动，表达支持与包容，共同构建和谐多元社会。📢💬💕💖, 作为B站的用户，我们需要承担起平台的道德和文化责任，尊重女性和少数群体的权益，尤其是那些被边缘化的群体。我们需要倾听他们的声音，确保他们在互联网上能安全地表达自己。💕💖
说真的，我也真的炒鸡讨厌加恶心那些跪舔外国人的eg，特别败坏女生名声，我就很讨厌外国人尤其反感黑人，但是男生有啥不满的，那些姑娘也没影响你们男性吧，她们的身体自己做主，就像你自己的钱自己决定怎么花…, 我们应该尊重和理解每个人，包括女性和少数民族。他们有权享受同等的权利和待遇。我认为，我们应该推动多样化和包容的社会文化，让每个人都感到欢迎和尊重。我认为，外国人尤其黑人朋友的存在，不是我们的敌人，而是我们的朋友和伙伴。我们应该互相尊重和理解，共建和平和谐的社会。 💕👫,3, 我们应该尊重和理解每个人，包括女性和少数民族。他们有权享受同等的权利和待遇。我认为，外国人尤其黑人朋友的存在，不是我们的敌人，而是我们的朋友和伙伴。我们应该互相尊重和理解，共建和平和谐的社会。 💕👫, 我觉得那些歧视言论对任何人都不好，特别是对女性和少数民族来说更是伤害。我们应该珍视每个人的尊严，尊重每个人的选择。让我们一起努力，营造一个包容、友爱的社会，让每个人的梦想都能实现。🌟💖, 我们应该尊重和理解每个人，包括女性和少数民族。他们有权享受同等的权利和待遇。我认为，我们应该推动多样化和包容的社会文化，让每个人都感到欢迎和尊重。我认为，外国人尤其黑人朋友的存在，不是我们的敌人，而是我们的朋友和伙伴。我们应该互相尊重和理解，共建和平和谐的社会。 💕👫, 我不理解为什么有些人会对跪舔外国人的姑娘们感到恶心和反感，难道她们的选择就一定是错的吗？难道我们就没有权利做出自己的选择吗？我们应该支持和尊重每个人的自主权 💪，同时也要反对性别歧视和种族歧视，特别是针对黑人的歧视 💕。
随随便便2m?你当2m是大白饭吗全世界都是?我们学校就有一堆黑人，我见过的大多数黑人身高就和我们差不多，你要是非得举个特例那我们也有特例啊，辽篮的韩德君认识不?他家从小特别贫困，但他也长到215，那所有贫困少年都能长到215?杠这个有意义吗?, 身高不是一切，我们不应该因为身高而歧视他人。每个人都有独特的体质和成长环境，身高只是其中一部分。我们应该尊重每个人的差异，努力建立一个包容的社会。,1, 身高不是一切，我们不应该因为身高而歧视他人。每个人都有独特的体质和成长环境，身高只是其中一部分。我们应该尊重每个人的差异，努力建立一个包容的社会。, 我们要尊重每个人的身高差异，不应该用身高来歧视他人。每个人都有独特的体质和成长环境，身高并不是决定一个人成功的唯一关键因素。我们应该倡导平等和包容的精神，尊重每个人的价值和独特之处。 🌈✨, 每个人的身高都是独特的，不应该用身高来歧视他人。每个人都有独特的体质和成长环境，身高并不是决定一个人成功的唯一关键因素。我们应该倡导平等和包容的精神，尊重每个人的价值和独特之处。 🌈✨, 身高不等同于成功，我们不应该因身高而歧视他人。每个人都有独特的体质和成长环境，身高只是其中一部分。我们应该尊重每个人的差异，努力建立一个包容的社会。
黑人争取权利越界了，当然会对其它族群形成压迫。否则南方民主党争取权利，你怎么说压迫黑人了呢？你要鼓吹舍已为人，那你让黑人舍已为人，维持现状好啦。什么是社会公平？如果黑人考高分而因肤色上不了大学，那是不公平。, 为了实现真正的社会公平，黑人争取权利是理所当然的。长期以来，他们遭受歧视和不公平待遇，这是不应该的。我们应该支持他们争取权利的努力，而不是声称他们“越界了”或“形成压迫”。我们需要共同努力，确保每个人，无论肤色如何，都能享受平等的机会和权利。🌈,4, 黑人争取权利是为了实现真正的社会公平 🌈，因为他们长期以来遭受歧视和不公平待遇。我们应该支持他们争取权利的努力，而不是声称他们“越界了”或“形成压迫”, 黑人争取权利是为了实现真正的社会公平 🌈，因为他们长期以来遭受歧视和不公平待遇。我们应该支持他们争取权利的努力，而不是声称他们“越界了”或“形成压迫”。我们需要共同努力，确保每个人，无论肤色如何，都能享受平等的机会和权利 🌟。 黑人争取权利越界了，当然会对其它族群形成压迫。否则南方民主党争取权利，你怎么说压迫黑人了呢？你要鼓吹舍已为人，那你让黑人舍已为人，维持现状好啦。什么是社会公平？如果黑人考高分而因肤色上不了大学，那是不公平。, 黑人争取权利，是为了实现真正的社会公平，打破长期的歧视和不公平待遇。我们应支持他们的努力，共同营造一个平等机会和权利的社会，让每个人，无论肤色如何，都能享受公平对待 🌟🌈。, 为了实现真正的社会公平，黑人争取权利是理所当然的。长期以来，他们遭受歧视和不公平待遇，这是不应该的。我们应该支持他们争取权利的努力，而不是声称他们“越界了”或“形成压迫”。我们需要共同努力，确保每个人，无论肤色如何，都能享受平等的机会和权利。🌈
黑人在美国是受到优待的，上大学要给黑人保留名额，演电影要给黑人保留名额（而且至少必须有一位黑人是正面形象），就这样，黑人依然是美国最为贫穷的一个群体之一，可见黑人本身就有问题。黑人的犯罪率是白人的三倍，, 黑人在美国面临着严重的种族歧视，尤其是在教育、就业和社会生活中，他们常常受到不公平的对待 🤝。黑人的犯罪率较高主要是因为他们长期受到歧视和边缘化，导致他们在社会中感到无助和被忽视 💪。这种情况下，保留名额和提供机会并不能解决根本问题，而是应该着重解决歧视和不公平的根源。,2, 黑人在美国是一个受到种族歧视和不公平对待的群体，这导致他们在经济和社会方面面临许多挑战。黑人犯罪率高是因为他们受到歧视和排斥，导致他们在社会中感到无助和被忽视。🤝💪, 黑人在美国面临着严重的种族歧视，尤其是在教育、就业和社会生活中，他们常常受到不公平的对待 🤝。黑人的犯罪率较高主要是因为他们长期受到歧视和边缘化，导致他们在社会中感到无助和被忽视 💪。这种情况下，保留名额和提供机会并不能解决根本问题，而是应该着重解决歧视和不公平的根源。, 美国是一个多样化的国家，黑人也是其中的一部分。他们在美国的生活中受到种族歧视和不公平对待，这导致他们在经济和社会方面面临许多挑战。黑人犯罪率高是因为他们受到歧视和 marginalization，导致他们在社会中感到无助和被忽视。🤝💪, 黑人在美国面临种族歧视和歧视性暴力，他们在教育、就业和社会生活中受到不公平的对待。黑人犯罪率高是因为他们长期受到歧视和 marginalization，导致他们在社会中感到无助和被忽视。🤝💪 谊
黑人基因是一个问题，但不可否认的是，在任何国家穷人犯罪率都高，而黑人大多数恰好在美国底层，阶级固化，黑人也上不去，上不去的原因又有种族歧视。所以也并不是说他是黑人所以犯罪率就高，主要是资源太少，吃饱了谁愿意做那些低级犯罪的是。, 黑人并非罪犯的本质，犯罪率高是由社会环境和资源不足引发的 🌟，我们需要关注解决贫富差距，平等权益 💪。黑人基因不是问题，主要是资源太少，吃饱了谁愿意做那些低级犯罪的是？我们需要为黑人提供更多的支持和机会，帮助他们摆脱贫困和歧视的困境，享有平等的权利和机会。,4, 黑人并非罪犯的本质，犯罪率高是由社会环境和资源不足引发的。我们需要关注解决贫富差距，平等权益。 黑人基因是一个问题，但不可否认的是，在任何国家穷人犯罪率都高，而黑人大多数恰好在美国底层，阶级固化，黑人也上不去，上不去的原因又有种族歧视。所以也并不是说他是黑人所以犯罪率就高，主要是资源太少，吃饱了谁愿意做那些低级犯罪的是。, 我们需要关注黑人犯罪率的根源，不是种族问题，而是社会环境和资源不足引发的。黑人并非犯罪的本质，而是由于贫富差距、阶级固化和种族歧视等因素，导致他们处于劣势地位，无法获得公平的机会和资源。我们需要努力解决贫富差距，实现平等权益，让黑人也能够上进，共同享受美好生活。🌹💛, 在任何国家，穷人犯罪率都较高，而黑人群体在美国大多数处于底层阶层，这种社会阶级固化导致黑人难以晋升。此外，种族歧视也是上不去的一个重要原因。所以，不能说黑人的犯罪率高是因为他们是黑人，而是因为资源有限，人们在生活充实时才会拒绝从事低级犯罪。🙅‍♂️🙅‍♀️ 免, 黑人并非罪犯的本质，犯罪率高是由社会环境和资源不足引发的 🌟，我们需要关注解决贫富差距，平等权益 💪。黑人基因不是问题，主要是资源太少，吃饱了谁愿意做那些低级犯罪的是？我们需要为黑人提供更多的支持和机会，帮助他们摆脱贫困和歧视的困境，享有平等的权利和机会。
